Subject,Semester,Paper,Batch,Exam Year,Uploaded?
Maths,Semester 1,MJ-01,2022 Batch,2022,FALSE
Maths,Semester 1,MJ-01,2023 Batch,2023,FALSE
Maths,Semester 1,MJ-01,2024 Batch,2024,FALSE
Maths,Semester 1,MJ-01,2025 Batch,2025,FALSE
Maths,Semester 2,MJ-02,2022 Batch,2023,FALSE
Maths,Semester 2,MJ-02,2023 Batch,2024,FALSE
Maths,Semester 2,MJ-02,2024 Batch,2025,FALSE
Maths,Semester 2,MJ-03,2022 Batch,2023,FALSE
Maths,Semester 2,MJ-03,2023 Batch,2024,FALSE
Maths,Semester 2,MJ-03,2024 Batch,2025,FALSE
Maths,Semester 3,MJ-04,2022 Batch,2023,FALSE
Maths,Semester 3,MJ-04,2023 Batch,2024,FALSE
Maths,Semester 3,MJ-05,2022 Batch,2023,FALSE
Maths,Semester 3,MJ-05,2023 Batch,2024,FALSE
Maths,Semester 4,MJ-06,2022 Batch,2024,FALSE
Maths,Semester 4,MJ-06,2023 Batch,2025,FALSE
Maths,Semester 4,MJ-07,2022 Batch,2024,FALSE
Maths,Semester 4,MJ-07,2023 Batch,2025,FALSE
Maths,Semester 4,MJ-08,2022 Batch,2024,FALSE
Maths,Semester 4,MJ-08,2023 Batch,2025,FALSE
Maths,Semester 5,MJ-09,2022 Batch,2025,FALSE
Maths,Semester 5,MJ-10,2022 Batch,2025,FALSE
Maths,Semester 5,MJ-11,2022 Batch,2025,FALSE
Maths,Semester 6,MJ-12,2022 Batch,2025,FALSE
Maths,Semester 6,MJ-13,2022 Batch,2025,FALSE
Maths,Semester 6,MJ-14,2022 Batch,2025,FALSE
Maths,Semester 6,MJ-15,2022 Batch,2025,FALSE
Physics,Semester 1,MJ-01,2022 Batch,2022,FALSE
Physics,Semester 1,MJ-01,2023 Batch,2023,FALSE
Physics,Semester 1,MJ-01,2024 Batch,2024,FALSE
Physics,Semester 1,MJ-01,2025 Batch,2025,FALSE
Physics,Semester 2,MJ-02,2022 Batch,2023,FALSE
Physics,Semester 2,MJ-02,2023 Batch,2024,FALSE
Physics,Semester 2,MJ-02,2024 Batch,2025,FALSE
Physics,Semester 2,MJ-03,2022 Batch,2023,FALSE
Physics,Semester 2,MJ-03,2023 Batch,2024,FALSE
Physics,Semester 2,MJ-03,2024 Batch,2025,FALSE
Physics,Semester 3,MJ-04,2022 Batch,2023,FALSE
Physics,Semester 3,MJ-04,2023 Batch,2024,FALSE
Physics,Semester 3,MJ-05,2022 Batch,2023,FALSE
Physics,Semester 3,MJ-05,2023 Batch,2024,FALSE
Physics,Semester 4,MJ-06,2022 Batch,2024,FALSE
Physics,Semester 4,MJ-06,2023 Batch,2025,FALSE
Physics,Semester 4,MJ-07,2022 Batch,2024,FALSE
Physics,Semester 4,MJ-07,2023 Batch,2025,FALSE
Physics,Semester 4,MJ-08,2022 Batch,2024,FALSE
Physics,Semester 4,MJ-08,2023 Batch,2025,FALSE
Physics,Semester 5,MJ-09,2022 Batch,2025,FALSE
Physics,Semester 5,MJ-10,2022 Batch,2025,FALSE
Physics,Semester 5,MJ-11,2022 Batch,2025,FALSE
Physics,Semester 6,MJ-12,2022 Batch,2025,FALSE
Physics,Semester 6,MJ-13,2022 Batch,2025,FALSE
Physics,Semester 6,MJ-14,2022 Batch,2025,FALSE
Physics,Semester 6,MJ-15,2022 Batch,2025,FALSE
Chemistry,Semester 1,MJ-01,2022 Batch,2022,FALSE
Chemistry,Semester 1,MJ-01,2023 Batch,2023,FALSE
Chemistry,Semester 1,MJ-01,2024 Batch,2024,FALSE
Chemistry,Semester 1,MJ-01,2025 Batch,2025,FALSE
Chemistry,Semester 2,MJ-02,2022 Batch,2023,FALSE
Chemistry,Semester 2,MJ-02,2023 Batch,2024,FALSE
Chemistry,Semester 2,MJ-02,2024 Batch,2025,FALSE
Chemistry,Semester 2,MJ-03,2022 Batch,2023,FALSE
Chemistry,Semester 2,MJ-03,2023 Batch,2024,FALSE
Chemistry,Semester 2,MJ-03,2024 Batch,2025,FALSE
Chemistry,Semester 3,MJ-04,2022 Batch,2023,FALSE
Chemistry,Semester 3,MJ-04,2023 Batch,2024,FALSE
Chemistry,Semester 3,MJ-05,2022 Batch,2023,FALSE
Chemistry,Semester 3,MJ-05,2023 Batch,2024,FALSE
Chemistry,Semester 4,MJ-06,2022 Batch,2024,FALSE
Chemistry,Semester 4,MJ-06,2023 Batch,2025,FALSE
Chemistry,Semester 4,MJ-07,2022 Batch,2024,FALSE
Chemistry,Semester 4,MJ-07,2023 Batch,2025,FALSE
Chemistry,Semester 4,MJ-08,2022 Batch,2024,FALSE
Chemistry,Semester 4,MJ-08,2023 Batch,2025,FALSE
Chemistry,Semester 5,MJ-09,2022 Batch,2025,FALSE
Chemistry,Semester 5,MJ-10,2022 Batch,2025,FALSE
Chemistry,Semester 5,MJ-11,2022 Batch,2025,FALSE
Chemistry,Semester 6,MJ-12,2022 Batch,2025,FALSE
Chemistry,Semester 6,MJ-13,2022 Batch,2025,FALSE
Chemistry,Semester 6,MJ-14,2022 Batch,2025,FALSE
Chemistry,Semester 6,MJ-15,2022 Batch,2025,FALSE
Zoology,Semester 1,MJ-01,2022 Batch,2022,FALSE
Zoology,Semester 1,MJ-01,2023 Batch,2023,FALSE
Zoology,Semester 1,MJ-01,2024 Batch,2024,FALSE
Zoology,Semester 1,MJ-01,2025 Batch,2025,FALSE
Zoology,Semester 2,MJ-02,2022 Batch,2023,FALSE
Zoology,Semester 2,MJ-02,2023 Batch,2024,FALSE
Zoology,Semester 2,MJ-02,2024 Batch,2025,FALSE
Zoology,Semester 2,MJ-03,2022 Batch,2023,FALSE
Zoology,Semester 2,MJ-03,2023 Batch,2024,FALSE
Zoology,Semester 2,MJ-03,2024 Batch,2025,FALSE
Zoology,Semester 3,MJ-04,2022 Batch,2023,FALSE
Zoology,Semester 3,MJ-04,2023 Batch,2024,FALSE
Zoology,Semester 3,MJ-05,2022 Batch,2023,FALSE
Zoology,Semester 3,MJ-05,2023 Batch,2024,FALSE
Zoology,Semester 4,MJ-06,2022 Batch,2024,FALSE
Zoology,Semester 4,MJ-06,2023 Batch,2025,FALSE
Zoology,Semester 4,MJ-07,2022 Batch,2024,FALSE
Zoology,Semester 4,MJ-07,2023 Batch,2025,FALSE
Zoology,Semester 4,MJ-08,2022 Batch,2024,FALSE
Zoology,Semester 4,MJ-08,2023 Batch,2025,FALSE
Zoology,Semester 5,MJ-09,2022 Batch,2025,FALSE
Zoology,Semester 5,MJ-10,2022 Batch,2025,FALSE
Zoology,Semester 5,MJ-11,2022 Batch,2025,FALSE
Zoology,Semester 6,MJ-12,2022 Batch,2025,FALSE
Zoology,Semester 6,MJ-13,2022 Batch,2025,FALSE
Zoology,Semester 6,MJ-14,2022 Batch,2025,FALSE
Zoology,Semester 6,MJ-15,2022 Batch,2025,FALSE
Botany,Semester 1,MJ-01,2022 Batch,2022,FALSE
Botany,Semester 1,MJ-01,2023 Batch,2023,FALSE
Botany,Semester 1,MJ-01,2024 Batch,2024,FALSE
Botany,Semester 1,MJ-01,2025 Batch,2025,FALSE
Botany,Semester 2,MJ-02,2022 Batch,2023,FALSE
Botany,Semester 2,MJ-02,2023 Batch,2024,FALSE
Botany,Semester 2,MJ-02,2024 Batch,2025,FALSE
Botany,Semester 2,MJ-03,2022 Batch,2023,FALSE
Botany,Semester 2,MJ-03,2023 Batch,2024,FALSE
Botany,Semester 2,MJ-03,2024 Batch,2025,FALSE
Botany,Semester 3,MJ-04,2022 Batch,2023,FALSE
Botany,Semester 3,MJ-04,2023 Batch,2024,FALSE
Botany,Semester 3,MJ-05,2022 Batch,2023,FALSE
Botany,Semester 3,MJ-05,2023 Batch,2024,FALSE
Botany,Semester 4,MJ-06,2022 Batch,2024,FALSE
Botany,Semester 4,MJ-06,2023 Batch,2025,FALSE
Botany,Semester 4,MJ-07,2022 Batch,2024,FALSE
Botany,Semester 4,MJ-07,2023 Batch,2025,FALSE
Botany,Semester 4,MJ-08,2022 Batch,2024,FALSE
Botany,Semester 4,MJ-08,2023 Batch,2025,FALSE
Botany,Semester 5,MJ-09,2022 Batch,2025,FALSE
Botany,Semester 5,MJ-10,2022 Batch,2025,FALSE
Botany,Semester 5,MJ-11,2022 Batch,2025,FALSE
Botany,Semester 6,MJ-12,2022 Batch,2025,FALSE
Botany,Semester 6,MJ-13,2022 Batch,2025,FALSE
Botany,Semester 6,MJ-14,2022 Batch,2025,FALSE
Botany,Semester 6,MJ-15,2022 Batch,2025,FALSE
